timeStamp,elapsed,label,responseCode,responseMessage,threadName,dataType,success,failureMessage,bytes,sentBytes,grpThreads,allThreads,URL,Latency,IdleTime,Connect
1638198197966,670,HTTP Request,Non HTTP response code: org.apache.http.conn.HttpHostConnectException,Non HTTP response message: Connect to jsonmonk.com:443 [jsonmonk.com/142.234.53.77] failed: Connection refused,Endurance Test 1-2,text,false,,2697,0,8,8,https://jsonmonk.com/api/v1/users,0,0,670
1638198198555,81,HTTP Request,Non HTTP response code: org.apache.http.conn.HttpHostConnectException,Non HTTP response message: Connect to jsonmonk.com:443 [jsonmonk.com/142.234.53.77] failed: Connection refused,Endurance Test 1-8,text,false,,2697,0,8,8,https://jsonmonk.com/api/v1/users,0,0,81
1638198198158,478,HTTP Request,Non HTTP response code: org.apache.http.conn.HttpHostConnectException,Non HTTP response message: Connect to jsonmonk.com:443 [jsonmonk.com/142.234.53.77] failed: Connection refused,Endurance Test 1-4,text,false,,2697,0,8,8,https://jsonmonk.com/api/v1/users,0,0,478
1638198198352,287,HTTP Request,Non HTTP response code: org.apache.http.conn.HttpHostConnectException,Non HTTP response message: Connect to jsonmonk.com:443 [jsonmonk.com/142.234.53.77] failed: Connection refused,Endurance Test 1-6,text,false,,2697,0,5,5,https://jsonmonk.com/api/v1/users,0,0,287
1638198198056,583,HTTP Request,Non HTTP response code: org.apache.http.conn.HttpHostConnectException,Non HTTP response message: Connect to jsonmonk.com:443 [jsonmonk.com/142.234.53.77] failed: Connection refused,Endurance Test 1-3,text,false,,2697,0,5,5,https://jsonmonk.com/api/v1/users,0,0,583
1638198198458,184,HTTP Request,Non HTTP response code: org.apache.http.conn.HttpHostConnectException,Non HTTP response message: Connect to jsonmonk.com:443 [jsonmonk.com/142.234.53.77] failed: Connection refused,Endurance Test 1-7,text,false,,2697,0,3,3,https://jsonmonk.com/api/v1/users,0,0,184
1638198198252,396,HTTP Request,Non HTTP response code: org.apache.http.conn.HttpHostConnectException,Non HTTP response message: Connect to jsonmonk.com:443 [jsonmonk.com/142.234.53.77] failed: Connection refused,Endurance Test 1-5,text,false,,2697,0,2,2,https://jsonmonk.com/api/v1/users,0,0,396
1638198197966,686,HTTP Request,Non HTTP response code: org.apache.http.conn.HttpHostConnectException,Non HTTP response message: Connect to jsonmonk.com:443 [jsonmonk.com/142.234.53.77] failed: Connection refused,Endurance Test 1-1,text,false,,2697,0,2,2,https://jsonmonk.com/api/v1/users,0,0,686
1638198198653,86,HTTP Request,Non HTTP response code: org.apache.http.conn.HttpHostConnectException,Non HTTP response message: Connect to jsonmonk.com:443 [jsonmonk.com/142.234.53.77] failed: Connection refused,Endurance Test 1-9,text,false,,2697,0,1,1,https://jsonmonk.com/api/v1/users,0,0,86
1638198198755,76,HTTP Request,Non HTTP response code: org.apache.http.conn.HttpHostConnectException,Non HTTP response message: Connect to jsonmonk.com:443 [jsonmonk.com/142.234.53.77] failed: Connection refused,Endurance Test 1-10,text,false,,2697,0,1,1,https://jsonmonk.com/api/v1/users,0,0,75
